trial,statistic.X-squared,parameter.df,p.value,method,observed.no choice,observed.control,observed.experiment,expected.no choice,expected.control,expected.experiment,residuals.no choice,residuals.control,residuals.experiment,stdres.no choice,stdres.control,stdres.experiment
air,0.473684210526316,1,0.491297124215893,Chi-squared test for given probabilities,6,8,11,NA,9.5,9.5,NA,-0.486664263392288,0.486664263392288,NA,-0.688247201611685,0.688247201611685
rrv,9.33009708737864,1,0.00225420410937091,Chi-squared test for given probabilities,17,36,67,NA,51.5,51.5,NA,-2.15987234430401,2.15987234430401,NA,-3.05452076230931,3.05452076230931
rose,0.473684210526316,1,0.491297124215893,Chi-squared test for given probabilities,29,81,90,NA,85.5,85.5,NA,-0.486664263392288,0.486664263392288,NA,-0.688247201611685,0.688247201611685
MeSA,0.486486486486487,1,0.485498802644282,Chi-squared test for given probabilities,26,40,34,NA,37,37,NA,0.493196961916072,-0.493196961916072,NA,0.697485832462916,-0.697485832462916
limonene,1.46938775510204,1,0.225442316994513,Chi-squared test for given probabilities,2,43,55,NA,49,49,NA,-0.857142857142857,0.857142857142857,NA,-1.21218305346265,1.21218305346265
