trial,statistic.X-squared,parameter.df,p.value,method,observed.no choice,observed.control,observed.experiment,expected.no choice,expected.control,expected.experiment,residuals.no choice,residuals.control,residuals.experiment,stdres.no choice,stdres.control,stdres.experiment
air,1.52,2,0.467666427009909,Chi-squared test for given probabilities,6,8,11,8.33333333333333,8.33333333333333,8.33333333333333,-0.808290376865476,-0.115470053837925,0.923760430703402,-0.989949493661166,-0.141421356237309,1.13137084989848
rrv,31.85,2,1.21299881246922e-07,Chi-squared test for given probabilities,17,36,67,40,40,40,-3.63661930919364,-0.632455532033676,4.26907484122731,-4.45393084813853,-0.774596669241483,5.22852751738001
rose,32.53,2,8.63376556261877e-08,Chi-squared test for given probabilities,29,81,90,66.6666666666667,66.6666666666667,66.6666666666667,-4.61320568224165,1.75546764899461,2.85773803324704,-5.65,2.15,3.5
MeSA,2.96,2,0.227637688383813,Chi-squared test for given probabilities,26,40,34,33.3333333333333,33.3333333333333,33.3333333333333,-1.27017059221718,1.15470053837925,0.115470053837926,-1.5556349186104,1.4142135623731,0.141421356237311
limonene,46.34,2,8.6575867974139e-11,Chi-squared test for given probabilities,2,43,55,33.3333333333333,33.3333333333333,33.3333333333333,-5.42709253038248,1.67431578064992,3.75277674973257,-6.64680374315355,2.05060966544099,4.59619407771256
